year,accuracy,macro_f1,log_loss,brier,n
2010,0.515625,0.39610389610389607,1.0378193354185934,0.6244029687227841,64
2014,0.5625,0.41752681643392026,0.9971192422931672,0.5927585617854423,64
2018,0.578125,0.4292929292929293,0.9938964888038122,0.5894465810724301,64
2022,0.5625,0.42507836990595615,0.9942672117278417,0.5842389597577462,64
