model,n,accuracy,macro_f1,log_loss,brier
random_forest,256,0.5546875,0.41693060008419963,1.0057755695608537,0.5977117678346007
logistic_regression,256,0.49609375,0.3889285866969591,1.040499672268503,0.6139130603384173
xgboost,256,0.4765625,0.423672239457404,1.115755338768798,0.6559176617030762
lightgbm,256,0.453125,0.3999106185434789,1.1352101268015564,0.6660882185830214
hist_gradient_boosting,256,0.45703125,0.4121487798554793,1.217051294154996,0.6948965729956484
prior_baseline,256,0.3984375,0.35661064418904664,21.682510241890782,1.203125
majority_baseline,256,0.3828125,0.18455743879472694,22.24569232609574,1.234375
